great, 0.8068033144352376
discussions, 0.021805494984736155
with, 0.7849978194505015
european, 0.06541648495420846
union, 0.06541648495420846
commission, 0.021805494984736155
president, 0.19624945486262538
jean-claude, 0.021805494984736155
juncker, 0.021805494984736155
and, 2.791103358046228
eu, 0.04361098996947231
council, 0.021805494984736155
donald, 0.021805494984736155
tusk, 0.021805494984736155
at, 0.5015263846489315
the, 5.342346271260358
g7summit, 0.04361098996947231
in, 1.3301351940689055
canada, 0.2180549498473615
last, 0.06541648495420846
week., 0.021805494984736155
fake, 0.2398604448320977
news, 0.26166593981683384
media, 0.10902747492368076
said, 0.08722197993894462
that, 0.9158307893589185
i, 0.8068033144352376
did, 0.08722197993894462
not, 0.39249890972525076
get, 0.26166593981683384
along, 0.08722197993894462
other, 0.17444395987788924
leaders, 0.04361098996947231
canada., 0.06541648495420846
they, 0.5233318796336677
are, 0.5887483645878762
once, 0.021805494984736155
again,, 0.021805494984736155
wrong, 0.10902747492368076
have, 0.9158307893589185
a, 1.962494548626254
relationship, 0.08722197993894462
angela, 0.021805494984736155
merkel, 0.021805494984736155
of, 1.9188835586567816
germany,, 0.021805494984736155
but, 0.2180549498473615
only, 0.13083296990841692
shows, 0.021805494984736155
bad, 0.10902747492368076
photos, 0.021805494984736155
(implying, 0.021805494984736155
anger), 0.021805494984736155
negotiating, 0.04361098996947231
an, 0.2398604448320977
agreement, 0.021805494984736155
-, 0.26166593981683384
where, 0.15263846489315308
am, 0.15263846489315308
asking, 0.021805494984736155
for, 1.286524204099433
things, 0.06541648495420846
no, 0.3488879197557785
american, 0.08722197993894462
would, 0.28347143480157
ask, 0.021805494984736155
i’ve, 0.021805494984736155
had, 0.2398604448320977
to, 2.747492368076755
beat, 0.08722197993894462
17, 0.021805494984736155
very, 0.19624945486262538
talented, 0.04361098996947231
people, 0.3706934147405146
including, 0.04361098996947231
bush, 0.021805494984736155
dynasty,, 0.04361098996947231
then, 0.10902747492368076
clinton, 0.08722197993894462
now, 0.26166593981683384
phony, 0.08722197993894462
witch, 0.19624945486262538
hunt, 0.13083296990841692
all, 0.3488879197557785
dishonest, 0.021805494984736155
covered, 0.021805494984736155
ig, 0.06541648495420846
report...and, 0.021805494984736155
never, 0.19624945486262538
forget, 0.021805494984736155
media., 0.021805494984736155
it, 0.4797208896641954
ends, 0.021805494984736155
wow,, 0.06541648495420846
what, 0.2180549498473615
tough, 0.06541648495420846
sentence, 0.021805494984736155
paul, 0.04361098996947231
manafort,, 0.021805494984736155
who, 0.3270824247710423
has, 0.436109899694723
represented, 0.04361098996947231
ronald, 0.04361098996947231
reagan,, 0.04361098996947231
bob, 0.06541648495420846
dole, 0.04361098996947231
many, 0.4143044047099869
top, 0.021805494984736155
political, 0.08722197993894462
campaigns., 0.021805494984736155
didn’t, 0.13083296990841692
know, 0.08722197993894462
manafort, 0.06541648495420846
was, 0.5451373746184038
head, 0.04361098996947231
mob., 0.021805494984736155
about, 0.10902747492368076
comey, 0.08722197993894462
crooked, 0.04361098996947231
hillary, 0.04361098996947231
others, 0.08722197993894462
unfair, 0.10902747492368076
democrats, 0.17444395987788924
forcing, 0.021805494984736155
breakup, 0.021805494984736155
families, 0.08722197993894462
border, 0.08722197993894462
their, 0.26166593981683384
horrible, 0.04361098996947231
cruel, 0.021805494984736155
legislative, 0.021805494984736155
agenda., 0.021805494984736155
any, 0.06541648495420846
immigration, 0.021805494984736155
bill, 0.021805494984736155
must, 0.10902747492368076
full, 0.08722197993894462
funding, 0.021805494984736155
wall,, 0.021805494984736155
end, 0.04361098996947231
catch, 0.021805494984736155
&, 0.4797208896641954
release,, 0.04361098996947231
visa, 0.021805494984736155
lottery, 0.021805494984736155
chain,, 0.021805494984736155
go, 0.17444395987788924
merit, 0.021805494984736155
based, 0.06541648495420846
immigration., 0.021805494984736155
win, 0.13083296990841692
“donald, 0.021805494984736155
trump, 0.10902747492368076
100%, 0.021805494984736155
right, 0.10902747492368076
fire, 0.04361098996947231
james, 0.06541648495420846
comey.”, 0.021805494984736155
mark, 0.13083296990841692
levin, 0.04361098996947231
“why, 0.04361098996947231
world, 0.10902747492368076
barack, 0.021805494984736155
obama, 0.06541648495420846
this, 0.3706934147405146
guy, 0.021805494984736155
(comey)”, 0.021805494984736155
asks, 0.021805494984736155
highest, 0.06541648495420846
rated, 0.021805494984736155
(by, 0.021805494984736155
far), 0.021805494984736155
morning, 0.04361098996947231
show,, 0.021805494984736155
foxandfriends,, 0.021805494984736155
is, 1.4173571740078499
on, 1.1120802442215438
front, 0.021805494984736155
lawn, 0.021805494984736155
white, 0.15263846489315308
house., 0.06541648495420846
maybe, 0.04361098996947231
i’ll, 0.021805494984736155
take, 0.08722197993894462
unannounced, 0.021805494984736155
trip, 0.021805494984736155
down, 0.08722197993894462
see, 0.13083296990841692
them, 0.08722197993894462
u.s.a., 0.04361098996947231
jobs, 0.06541648495420846
numbers, 0.06541648495420846
best, 0.13083296990841692
44, 0.04361098996947231
years., 0.08722197993894462
if, 0.08722197993894462
my, 0.30527692978630616
opponent, 0.021805494984736155
(the, 0.021805494984736155
democrats), 0.021805494984736155
won, 0.04361098996947231
election,, 0.04361098996947231
raised, 0.021805494984736155
taxes, 0.08722197993894462
substantially, 0.021805494984736155
increased, 0.04361098996947231
regulations, 0.021805494984736155
economy,, 0.04361098996947231
jobs,, 0.021805494984736155
been, 0.28347143480157
disaster, 0.06541648495420846
thank, 0.10902747492368076
you, 0.17444395987788924
compliments, 0.021805494984736155
getting, 0.10902747492368076
cup, 0.06541648495420846
come, 0.04361098996947231
u.s.a.,, 0.021805494984736155
mexico, 0.04361098996947231
worked, 0.06541648495420846
hard, 0.19624945486262538
this,, 0.021805494984736155
team, 0.06541648495420846
people., 0.04361098996947231
we, 0.9594417793283908
fail,, 0.021805494984736155
will, 0.719581334496293
be, 0.5015263846489315
special, 0.15263846489315308
thanks, 0.021805494984736155
kraft, 0.021805494984736155
excellent, 0.021805494984736155
advice., 0.021805494984736155
report, 0.08722197993894462
total, 0.06541648495420846
comey,, 0.021805494984736155
his, 0.3706934147405146
minions, 0.021805494984736155
sadly,, 0.021805494984736155
fbi., 0.04361098996947231
officially, 0.021805494984736155
as, 0.28347143480157
worst, 0.04361098996947231
leader,, 0.021805494984736155
by, 0.26166593981683384
far,, 0.021805494984736155
history, 0.08722197993894462
service, 0.021805494984736155
firing, 0.04361098996947231
him., 0.04361098996947231
good, 0.15263846489315308
instincts., 0.021805494984736155
christopher, 0.021805494984736155
wray, 0.021805494984736155
bring, 0.06541648495420846
proudly, 0.04361098996947231
back, 0.26166593981683384
fbi, 0.06541648495420846
agent, 0.021805494984736155
peter, 0.021805494984736155
strzok,, 0.021805494984736155
headed, 0.021805494984736155
russia, 0.021805494984736155
investigations,, 0.021805494984736155
texted, 0.021805494984736155
lover, 0.021805494984736155
lisa, 0.021805494984736155
page,, 0.021805494984736155
report,, 0.021805494984736155
“we’ll, 0.021805494984736155
stop”, 0.021805494984736155
candidate, 0.04361098996947231
from, 0.3270824247710423
becoming, 0.021805494984736155
president., 0.021805494984736155
doesn’t, 0.10902747492368076
lower, 0.10902747492368076
than, 0.2398604448320977
happy, 0.021805494984736155
243rd, 0.021805494984736155
birthday, 0.021805494984736155
usarmy, 0.021805494984736155
your, 0.10902747492368076
bravery,, 0.021805494984736155
sacrifices,, 0.021805494984736155
dedication, 0.021805494984736155
love, 0.021805494984736155
....schneiderman,, 0.021805494984736155
ran, 0.021805494984736155
campaign, 0.10902747492368076
new, 0.15263846489315308
york,, 0.021805494984736155
guts, 0.021805494984736155
ridiculous, 0.021805494984736155
case,, 0.021805494984736155
which, 0.08722197993894462
lingered, 0.021805494984736155
office, 0.08722197993894462
almost, 0.06541648495420846
2, 0.021805494984736155
he, 0.436109899694723
resigned, 0.021805494984736155
disgrace,, 0.021805494984736155
disciples, 0.021805494984736155
brought, 0.021805494984736155
when, 0.19624945486262538
settle., 0.021805494984736155
sleazy, 0.021805494984736155
york, 0.021805494984736155
democrats,, 0.06541648495420846
disgraced, 0.021805494984736155
(and, 0.08722197993894462
run, 0.021805494984736155
out, 0.3270824247710423
town), 0.021805494984736155
a.g., 0.021805494984736155
eric, 0.021805494984736155
schneiderman,, 0.021805494984736155
doing, 0.13083296990841692
everything, 0.06541648495420846
can, 0.19624945486262538
sue, 0.021805494984736155
me, 0.2180549498473615
foundation, 0.04361098996947231
took, 0.06541648495420846
$18,800,000, 0.021805494984736155
gave, 0.021805494984736155
charity, 0.021805494984736155
more, 0.2180549498473615
money, 0.04361098996947231
in,, 0.021805494984736155
$19,200,000., 0.021805494984736155
won’t, 0.04361098996947231
settle, 0.021805494984736155
case, 0.04361098996947231
..., 0.021805494984736155
so,, 0.021805494984736155
make, 0.2398604448320977
up, 0.2180549498473615
crime,, 0.06541648495420846
collusion, 0.06541648495420846
russians,, 0.021805494984736155
pay, 0.10902747492368076
fortune, 0.04361098996947231
crime, 0.2180549498473615
sound, 0.021805494984736155
real,, 0.021805494984736155
illegally, 0.021805494984736155
leak, 0.021805494984736155
(comey), 0.021805494984736155
classified, 0.021805494984736155
information, 0.021805494984736155
so, 0.3706934147405146
councel, 0.04361098996947231
appointed,, 0.021805494984736155
collude, 0.021805494984736155
pile, 0.021805494984736155
garbage, 0.021805494984736155
life, 0.04361098996947231
singapore,, 0.04361098996947231
result, 0.04361098996947231
respect, 0.021805494984736155
north, 0.3706934147405146
korea,, 0.04361098996947231
thought, 0.06541648495420846
process, 0.021805494984736155
sadly, 0.021805494984736155
hunt,, 0.04361098996947231
always, 0.06541648495420846
remembering, 0.021805494984736155
there, 0.2398604448320977
obstruction, 0.021805494984736155
fabricated, 0.021805494984736155
crime., 0.021805494984736155
republican, 0.06541648495420846
party, 0.021805494984736155
starting, 0.04361098996947231
show, 0.021805494984736155
big, 0.30527692978630616
numbers., 0.04361098996947231
being, 0.08722197993894462
done., 0.021805494984736155
results, 0.021805494984736155
speaking, 0.021805494984736155
loudly., 0.021805494984736155
korea, 0.2180549498473615
our, 0.9376362843436545
greatest, 0.06541648495420846
ever, 0.13083296990841692
economy, 0.13083296990841692
leading, 0.021805494984736155
way, 0.10902747492368076
congratulations, 0.15263846489315308
kevincramer, 0.021805494984736155
huge, 0.021805494984736155
dakota., 0.021805494984736155
need, 0.10902747492368076
kevin, 0.06541648495420846
senate,, 0.021805494984736155
strongly, 0.04361098996947231
endorse, 0.08722197993894462
heidi, 0.021805494984736155
voted, 0.021805494984736155
tax, 0.15263846489315308
cuts,, 0.04361098996947231
vote, 0.15263846489315308
her., 0.04361098996947231
strong, 0.06541648495420846
borders,, 0.08722197993894462
cutting, 0.021805494984736155
danny, 0.04361098996947231
tarkanian, 0.021805494984736155
gop, 0.06541648495420846
primary, 0.04361098996947231
nevada., 0.04361098996947231
got, 0.08722197993894462
result., 0.021805494984736155
looking, 0.06541648495420846
november, 0.021805494984736155
senator, 0.04361098996947231
claire, 0.021805494984736155
mccaskill, 0.021805494984736155
state, 0.06541648495420846
missouri, 0.021805494984736155
flew, 0.021805494984736155
around, 0.021805494984736155
luxurious, 0.021805494984736155
private, 0.021805494984736155
jet, 0.021805494984736155
during, 0.06541648495420846
her, 0.04361098996947231
rv, 0.021805494984736155
tour, 0.021805494984736155
state., 0.021805494984736155
rv’s, 0.021805494984736155
really, 0.17444395987788924
upset,, 0.021805494984736155
josh, 0.021805494984736155
hawley, 0.021805494984736155
should, 0.13083296990841692
big,, 0.04361098996947231
endorsement., 0.021805494984736155
funny, 0.021805494984736155
watch, 0.04361098996947231
news,, 0.021805494984736155
especially, 0.04361098996947231
nbc, 0.021805494984736155
cnn., 0.021805494984736155
fighting, 0.021805494984736155
downplay, 0.021805494984736155
deal, 0.06541648495420846
korea., 0.08722197993894462
500, 0.04361098996947231
days, 0.021805494984736155
ago, 0.04361098996947231
“begged”, 0.021805494984736155
deal-looked, 0.021805494984736155
like, 0.06541648495420846
war, 0.06541648495420846
break, 0.021805494984736155
out., 0.04361098996947231
country’s, 0.021805494984736155
biggest, 0.04361098996947231
enemy, 0.021805494984736155
easily, 0.04361098996947231
promulgated, 0.021805494984736155
fools, 0.021805494984736155
oil, 0.021805494984736155
prices, 0.04361098996947231
too, 0.04361098996947231
high,, 0.04361098996947231
opec, 0.021805494984736155
again., 0.021805494984736155
u.s.,, 0.04361098996947231
together, 0.08722197993894462
canada,, 0.04361098996947231
just, 0.19624945486262538
cup., 0.021805494984736155
work, 0.04361098996947231
save, 0.04361098996947231
games,, 0.021805494984736155
long, 0.10902747492368076
faith, 0.021805494984736155
both, 0.021805494984736155
sides, 0.021805494984736155
before, 0.04361098996947231
taking, 0.06541648495420846
were, 0.2180549498473615
assuming, 0.021805494984736155
going, 0.08722197993894462
most, 0.06541648495420846
dangerous, 0.021805494984736155
problem., 0.021805494984736155
longer, 0.06541648495420846
sleep, 0.021805494984736155
well, 0.08722197993894462
tonight, 0.021805494984736155
landed, 0.021805494984736155
trip,, 0.021805494984736155
everybody, 0.021805494984736155
feel, 0.021805494984736155
much, 0.19624945486262538
safer, 0.021805494984736155
day, 0.13083296990841692
office., 0.021805494984736155
nuclear, 0.10902747492368076
threat, 0.021805494984736155
meeting, 0.10902747492368076
kim, 0.15263846489315308
jong, 0.04361098996947231
un, 0.021805494984736155
interesting, 0.021805494984736155
positive, 0.021805494984736155
experience., 0.021805494984736155
potential, 0.04361098996947231
future, 0.04361098996947231
corey, 0.021805494984736155
stewart, 0.021805494984736155
victory, 0.021805494984736155
virginia., 0.021805494984736155
runs, 0.021805494984736155
against, 0.08722197993894462
stiff,, 0.021805494984736155
tim, 0.021805494984736155
kaine,, 0.021805494984736155
weak, 0.04361098996947231
wants, 0.04361098996947231
raise, 0.021805494984736155
through, 0.021805494984736155
roof., 0.021805494984736155
don’t, 0.10902747492368076
underestimate, 0.021805494984736155
corey,, 0.021805494984736155
major, 0.04361098996947231
chance, 0.04361098996947231
winning, 0.04361098996947231
...realize, 0.021805494984736155
it’s, 0.06541648495420846
employment, 0.021805494984736155
time, 0.17444395987788924
companies, 0.021805494984736155
pouring, 0.021805494984736155
into, 0.15263846489315308
country., 0.06541648495420846
wake, 0.021805494984736155
punchy, 0.021805494984736155
robert, 0.021805494984736155
de, 0.021805494984736155
niro,, 0.021805494984736155
low, 0.04361098996947231
iq, 0.021805494984736155
individual,, 0.021805494984736155
received, 0.021805494984736155
shots, 0.021805494984736155
real, 0.06541648495420846
boxers, 0.021805494984736155
movies., 0.021805494984736155
watched, 0.021805494984736155
him, 0.06541648495420846
night, 0.04361098996947231
truly, 0.10902747492368076
believe, 0.08722197993894462
may, 0.06541648495420846
“punch-drunk.”, 0.021805494984736155
guess, 0.021805494984736155
doesn’t..., 0.021805494984736155
representatives, 0.04361098996947231
want, 0.06541648495420846
involved, 0.021805494984736155
sanford, 0.08722197993894462
thinking, 0.021805494984736155
few, 0.021805494984736155
hours, 0.021805494984736155
left, 0.08722197993894462
felt, 0.021805494984736155
katie, 0.08722197993894462
such, 0.08722197993894462
candidate,, 0.021805494984736155
bad,, 0.021805494984736155
give, 0.04361098996947231
shot., 0.021805494984736155
congrats, 0.021805494984736155
arrington, 0.04361098996947231
year, 0.021805494984736155
pundits, 0.04361098996947231
talking, 0.06541648495420846
heads,, 0.021805494984736155
couldn’t, 0.021805494984736155
do, 0.15263846489315308
job, 0.08722197993894462
before,, 0.021805494984736155
begging, 0.021805494984736155
conciliation, 0.021805494984736155
peace, 0.06541648495420846
“please, 0.021805494984736155
meet,, 0.04361098996947231
war.”, 0.021805494984736155
meet, 0.06541648495420846
un,, 0.021805494984736155
same, 0.04361098996947231
haters, 0.04361098996947231
shout, 0.021805494984736155
out,, 0.021805494984736155
“you, 0.021805494984736155
shouldn’t, 0.021805494984736155
”, 0.021805494984736155
taken, 0.021805494984736155
step, 0.04361098996947231
catastrophe, 0.021805494984736155
rocket, 0.021805494984736155
launches,, 0.021805494984736155
testing, 0.021805494984736155
or, 0.19624945486262538
research, 0.06541648495420846
hostages, 0.04361098996947231
home, 0.06541648495420846
families., 0.021805494984736155
chairman, 0.06541648495420846
kim,, 0.021805494984736155
historic, 0.04361098996947231
first, 0.10902747492368076
bold, 0.021805494984736155
toward, 0.021805494984736155
bright, 0.021805494984736155
unprecedented, 0.021805494984736155
–, 0.06541648495420846
between, 0.06541648495420846
leader, 0.04361098996947231
proves, 0.04361098996947231
change, 0.04361098996947231
possible, 0.021805494984736155
limit, 0.021805494984736155
noko, 0.021805494984736155
achieve, 0.04361098996947231
gives, 0.021805494984736155
its, 0.04361098996947231
weapons, 0.021805494984736155
embraces, 0.021805494984736155
commerce, 0.021805494984736155
engagement, 0.021805494984736155
w/, 0.021805494984736155
world., 0.04361098996947231
opportunity, 0.04361098996947231
remembered, 0.021805494984736155
ushered, 0.021805494984736155
glorious, 0.021805494984736155
era, 0.021805494984736155
security, 0.06541648495420846
prosperity, 0.04361098996947231
citizens, 0.021805494984736155
it's, 0.021805494984736155
another, 0.04361098996947231
maga, 0.021805494984736155
rally., 0.021805494984736155
join, 0.021805494984736155
duluth,, 0.021805494984736155
minnesota, 0.021805494984736155
wednesday,, 0.021805494984736155
june, 0.04361098996947231
20th, 0.021805494984736155
6:30pm, 0.021805494984736155
here, 0.021805494984736155
video,, 0.021805494984736155
“a, 0.021805494984736155
story, 0.021805494984736155
opportunity”, 0.021805494984736155
shared, 0.021805494984736155
jong-un, 0.06541648495420846
singaporesummit, 0.04361098996947231
...got, 0.021805494984736155
wonderful, 0.10902747492368076
earlier, 0.021805494984736155
today:, 0.021805494984736155
anyone, 0.021805494984736155
war,, 0.021805494984736155
courageous, 0.021805494984736155
heading, 0.04361098996947231
singapore, 0.10902747492368076
after, 0.06541648495420846
amazing, 0.021805494984736155
visit., 0.021805494984736155
progress, 0.021805494984736155
made, 0.06541648495420846
denuclearization, 0.021805494984736155
home,, 0.021805494984736155
remains, 0.021805494984736155
heroes, 0.021805494984736155
families,, 0.021805494984736155
missiles, 0.021805494984736155
shot,, 0.021805494984736155
happening,, 0.021805494984736155
sites, 0.021805494984736155
closing..., 0.021805494984736155
unhelpful, 0.021805494984736155
maga., 0.021805494984736155
mia, 0.021805494984736155
nothing, 0.17444395987788924
trouble., 0.021805494984736155
better, 0.06541648495420846
off, 0.08722197993894462
argentina., 0.021805494984736155
fully, 0.04361098996947231
congress, 0.04361098996947231
sc,, 0.021805494984736155
love., 0.021805494984736155
she, 0.06541648495420846
continue, 0.06541648495420846
fight, 0.08722197993894462
taxes., 0.04361098996947231
adam, 0.04361098996947231
laxalt, 0.021805494984736155
governor, 0.021805494984736155
smart,, 0.021805494984736155
works, 0.021805494984736155
hard,, 0.021805494984736155
knows, 0.021805494984736155
how, 0.06541648495420846
win., 0.06541648495420846
governor., 0.04361098996947231
also,, 0.021805494984736155
larry, 0.021805494984736155
kudlow,, 0.021805494984736155
working, 0.10902747492368076
trade, 0.5233318796336677
suffered, 0.021805494984736155
heart, 0.021805494984736155
attack., 0.021805494984736155
walter, 0.021805494984736155
reed, 0.021805494984736155
medical, 0.021805494984736155
center., 0.021805494984736155
supreme, 0.04361098996947231
court, 0.04361098996947231
decision, 0.021805494984736155
voting, 0.021805494984736155
fact, 0.08722197993894462
having, 0.021805494984736155
loss, 0.021805494984736155
say, 0.04361098996947231
losers., 0.021805494984736155
hostages,, 0.021805494984736155
testing,, 0.021805494984736155
missle, 0.021805494984736155
launches, 0.021805494984736155
stoped,, 0.021805494984736155
these, 0.06541648495420846
pundits,, 0.021805494984736155
called, 0.06541648495420846
beginning,, 0.021805494984736155
else, 0.04361098996947231
fine, 0.021805494984736155
stock, 0.021805494984736155
market, 0.04361098996947231
40%, 0.021805494984736155
since, 0.06541648495420846
7, 0.04361098996947231
trillion, 0.06541648495420846
dollars, 0.06541648495420846
u.s., 0.3706934147405146
value, 0.04361098996947231
built, 0.021805494984736155
throughout, 0.021805494984736155
economy., 0.021805494984736155
lowest, 0.08722197993894462
unemployment, 0.06541648495420846
rate, 0.021805494984736155
decades,, 0.06541648495420846
black, 0.021805494984736155
hispanic, 0.021805494984736155
history,, 0.021805494984736155
female, 0.021805494984736155
21, 0.021805494984736155
confidence, 0.021805494984736155
meetings, 0.04361098996947231
staffs, 0.021805494984736155
quickly....but, 0.021805494984736155
end,, 0.021805494984736155
matter., 0.021805494984736155
soon, 0.04361098996947231
whether, 0.021805494984736155
deal,, 0.021805494984736155
unlike, 0.06541648495420846
those, 0.04361098996947231
past,, 0.021805494984736155
happen, 0.04361098996947231
sorry,, 0.021805494984736155
cannot, 0.04361098996947231
let, 0.04361098996947231
friends,, 0.021805494984736155
enemies,, 0.021805494984736155
advantage, 0.021805494984736155
us, 0.10902747492368076
anymore., 0.021805494984736155
put, 0.04361098996947231
worker, 0.021805494984736155
excitement, 0.021805494984736155
air, 0.021805494984736155
....germany, 0.021805494984736155
pays, 0.04361098996947231
1%, 0.021805494984736155
(slowly), 0.021805494984736155
gdp, 0.021805494984736155
towards, 0.021805494984736155
nato,, 0.021805494984736155
while, 0.08722197993894462
4%, 0.021805494984736155
larger, 0.021805494984736155
gdp., 0.021805494984736155
does, 0.021805494984736155
anybody, 0.021805494984736155
makes, 0.04361098996947231
sense, 0.021805494984736155
protect, 0.06541648495420846
europe, 0.021805494984736155
(which, 0.021805494984736155
good), 0.021805494984736155
financial, 0.04361098996947231
loss,, 0.021805494984736155
unfairly, 0.021805494984736155
clobbered, 0.021805494984736155
trade., 0.06541648495420846
coming, 0.06541648495420846
....and, 0.021805494984736155
add, 0.021805494984736155
close, 0.021805494984736155
entire, 0.021805494984736155
cost, 0.021805494984736155
nato-protecting, 0.021805494984736155
countries, 0.06541648495420846
rip, 0.021805494984736155
(they, 0.021805494984736155
fraction, 0.021805494984736155
cost-and, 0.021805494984736155
laugh, 0.021805494984736155
)., 0.04361098996947231
$151, 0.04361098996947231
billion, 0.08722197993894462
surplus-should, 0.021805494984736155
military, 0.10902747492368076
why, 0.10902747492368076
i,, 0.06541648495420846
united, 0.13083296990841692
states,, 0.021805494984736155
allow, 0.06541648495420846
massive, 0.15263846489315308
surpluses,, 0.021805494984736155
farmers,, 0.13083296990841692
workers, 0.08722197993894462
taxpayers, 0.021805494984736155
price, 0.021805494984736155
fair, 0.08722197993894462
america, 0.10902747492368076
$800, 0.021805494984736155
deficit..., 0.021805494984736155
fool, 0.021805494984736155
reciprocal., 0.021805494984736155
according, 0.021805494984736155
100, 0.021805494984736155
(guess, 0.021805494984736155
bragging, 0.021805494984736155
caught, 0.021805494984736155
minimum, 0.021805494984736155
17b., 0.021805494984736155
dairy, 0.06541648495420846
270%., 0.021805494984736155
justin, 0.021805494984736155
acts, 0.021805494984736155
hurt, 0.04361098996947231
justin’s, 0.021805494984736155
false, 0.021805494984736155
statements, 0.021805494984736155
conference,, 0.021805494984736155
charging, 0.04361098996947231
tariffs, 0.15263846489315308
companies,, 0.021805494984736155
instructed, 0.021805494984736155
reps, 0.021805494984736155
communique, 0.021805494984736155
look, 0.10902747492368076
automobiles, 0.021805494984736155
flooding, 0.021805494984736155
…create, 0.021805494984736155
land., 0.021805494984736155
forward, 0.08722197993894462
feeling, 0.021805494984736155
one-time, 0.021805494984736155
wasted, 0.021805494984736155
certainly, 0.021805494984736155
exciting, 0.021805494984736155
something, 0.08722197993894462
rarely, 0.04361098996947231
done, 0.19624945486262538
before..., 0.021805494984736155
states, 0.06541648495420846
impose, 0.021805494984736155
barriers, 0.13083296990841692
companies., 0.04361098996947231
sending, 0.021805494984736155
product, 0.021805494984736155
country, 0.17444395987788924
free., 0.021805494984736155
abuse, 0.06541648495420846
decades, 0.021805494984736155
—, 0.04361098996947231
enough., 0.021805494984736155
...u.s.a., 0.021805494984736155
understand, 0.021805494984736155
from., 0.021805494984736155
reciprocal, 0.021805494984736155
g7, 0.021805494984736155
summit, 0.04361098996947231
beautiful, 0.021805494984736155
relationships, 0.021805494984736155
six, 0.021805494984736155
apply, 0.021805494984736155
large, 0.021805494984736155
to..., 0.021805494984736155
met, 0.021805494984736155
prime, 0.10902747492368076
minister, 0.10902747492368076
italy,, 0.021805494984736155
giuseppeconteit,, 0.021805494984736155
guy., 0.04361098996947231
honored, 0.06541648495420846
washington,, 0.021805494984736155
whitehouse,, 0.021805494984736155
shortly., 0.021805494984736155
italy, 0.021805494984736155
henry, 0.021805494984736155
mcmaster, 0.021805494984736155
loves, 0.04361098996947231
south, 0.021805494984736155
carolina, 0.021805494984736155
beginning., 0.021805494984736155
vets., 0.021805494984736155
fantastic, 0.04361098996947231
governor,, 0.021805494984736155
endorsement,, 0.021805494984736155
tuesday, 0.021805494984736155
thoughts, 0.021805494984736155
prayers, 0.021805494984736155
serviceman, 0.021805494984736155
killed, 0.021805494984736155
fellow, 0.021805494984736155
servicemen, 0.021805494984736155
wounded, 0.021805494984736155
somalia., 0.021805494984736155
heroes., 0.021805494984736155
g-7, 0.06541648495420846
talks, 0.04361098996947231
mostly, 0.021805494984736155
center, 0.021805494984736155
practiced, 0.021805494984736155
states., 0.04361098996947231
denuclearization., 0.021805494984736155
russian, 0.06541648495420846
hoax, 0.04361098996947231
washington, 0.021805494984736155
capitals, 0.021805494984736155
play, 0.06541648495420846
stanley, 0.021805494984736155
championship., 0.021805494984736155
alex, 0.021805494984736155
ovechkin,, 0.021805494984736155
captain,, 0.021805494984736155
spectacular, 0.021805494984736155
true, 0.06541648495420846
superstar, 0.021805494984736155
d.c., 0.021805494984736155
popping,, 0.021805494984736155
ways., 0.021805494984736155
straightening, 0.021805494984736155
deals, 0.06541648495420846
countries., 0.021805494984736155
happen,, 0.021805494984736155
even, 0.08722197993894462
charges, 0.06541648495420846
270%, 0.021805494984736155
tariff, 0.021805494984736155
products, 0.021805494984736155
tell, 0.06541648495420846
that,, 0.06541648495420846
farmers, 0.06541648495420846
obama,, 0.021805494984736155
schumer, 0.06541648495420846
pelosi, 0.021805494984736155
high, 0.19624945486262538
telling, 0.021805494984736155
dems, 0.06541648495420846
could, 0.10902747492368076
set, 0.04361098996947231
up., 0.021805494984736155
failed, 0.021805494984736155
iran,, 0.021805494984736155
advice, 0.021805494984736155
isn’t, 0.04361098996947231
informing, 0.021805494984736155
public, 0.04361098996947231
years, 0.08722197993894462
used, 0.021805494984736155
non-monetary, 0.04361098996947231
totally, 0.08722197993894462
match, 0.021805494984736155
trudeau, 0.04361098996947231
indignant,, 0.021805494984736155
bringing, 0.021805494984736155
over, 0.08722197993894462
sorts, 0.04361098996947231
things...but, 0.021805494984736155
charge, 0.021805494984736155
300%, 0.021805494984736155
hurting, 0.021805494984736155
killing, 0.021805494984736155
agriculture, 0.021805494984736155
please, 0.021805494984736155
macron, 0.021805494984736155
create, 0.021805494984736155
barriers., 0.021805494984736155
surplus, 0.021805494984736155
billion,, 0.021805494984736155
keeps, 0.021805494984736155
seeing, 0.04361098996947231
tomorrow., 0.021805494984736155
pm, 0.04361098996947231
abe, 0.04361098996947231
also, 0.021805494984736155
improve, 0.021805494984736155
trading, 0.021805494984736155
japan,, 0.021805494984736155
do., 0.021805494984736155
seeks, 0.021805494984736155
bilateral, 0.021805494984736155
japan, 0.06541648495420846
principle, 0.021805494984736155
fairness, 0.021805494984736155
reciprocity., 0.021805494984736155
we’re, 0.021805494984736155
reduce, 0.021805494984736155
imbalance..., 0.021805494984736155
today,, 0.04361098996947231
greatly, 0.021805494984736155
welcome, 0.021805494984736155
friend,, 0.021805494984736155
whitehouse., 0.021805494984736155
past, 0.021805494984736155
16, 0.021805494984736155
months, 0.021805494984736155
closely, 0.021805494984736155
address, 0.021805494984736155
common, 0.021805494984736155
challenges,, 0.021805494984736155
many.., 0.021805494984736155
“$3, 0.021805494984736155
payoff:, 0.021805494984736155
101, 0.021805494984736155
utilities, 0.021805494984736155
cut, 0.04361098996947231
rates,, 0.021805494984736155
credit, 0.021805494984736155
cuts”, 0.021805494984736155
“total, 0.021805494984736155
jobless, 0.021805494984736155
claims, 0.021805494984736155
running, 0.06541648495420846
level, 0.04361098996947231
years”, 0.021805494984736155
making, 0.021805494984736155
again, 0.06541648495420846
administration, 0.021805494984736155
accused, 0.021805494984736155
trying, 0.021805494984736155
iran, 0.021805494984736155
secret, 0.021805494984736155
access, 0.021805494984736155
system, 0.021805494984736155
illegal., 0.021805494984736155
perhaps, 0.021805494984736155
13, 0.08722197993894462
angry, 0.08722197993894462
divert, 0.021805494984736155
some, 0.021805494984736155
energy, 0.021805494984736155
“matter”, 0.021805494984736155
(as, 0.021805494984736155
call, 0.021805494984736155
it)., 0.021805494984736155
investigate, 0.021805494984736155
start, 0.04361098996947231
saying,, 0.021805494984736155
“thank, 0.021805494984736155
you,, 0.021805494984736155
mr., 0.021805494984736155
president,, 0.04361098996947231
comey”, 0.021805494984736155
justice, 0.06541648495420846
department, 0.04361098996947231
awan, 0.021805494984736155
debbie, 0.021805494984736155
wasserman, 0.021805494984736155
schultz, 0.021805494984736155
hook., 0.021805494984736155
democrat, 0.04361098996947231
i.t., 0.021805494984736155
scandal, 0.021805494984736155
key, 0.021805494984736155
corruption, 0.021805494984736155
today., 0.021805494984736155
“plea, 0.021805494984736155
deal”, 0.021805494984736155
hide, 0.021805494984736155
server., 0.021805494984736155
server, 0.04361098996947231
friend, 0.021805494984736155
abeshinzo, 0.021805494984736155
noon., 0.021805494984736155
discussing, 0.021805494984736155
jeff, 0.04361098996947231
flake,, 0.021805494984736155
setting, 0.04361098996947231
record, 0.06541648495420846
polling, 0.021805494984736155
arizona, 0.021805494984736155
therefore, 0.021805494984736155
humiliatingly, 0.021805494984736155
forced, 0.021805494984736155
own, 0.021805494984736155
senate, 0.021805494984736155
seat, 0.021805494984736155
without, 0.021805494984736155
clue),, 0.021805494984736155
think, 0.021805494984736155
office,, 0.021805494984736155
one,, 0.021805494984736155
let’s, 0.021805494984736155
face, 0.021805494984736155
it,, 0.021805494984736155
he’s, 0.021805494984736155
flake, 0.021805494984736155
conflicts, 0.021805494984736155
interest, 0.021805494984736155
listed, 0.021805494984736155
(plus), 0.021805494984736155
hoax., 0.021805494984736155
group, 0.04361098996947231
biased, 0.021805494984736155
conflicted., 0.021805494984736155
excuse, 0.021805494984736155
losing, 0.021805494984736155
election., 0.06541648495420846
alan, 0.021805494984736155
dershowitz,, 0.021805494984736155
harvard, 0.021805494984736155
law, 0.04361098996947231
professor:, 0.021805494984736155
“it, 0.021805494984736155
needed, 0.021805494984736155
counsel....all, 0.021805494984736155
dept., 0.021805494984736155
multi-million, 0.021805494984736155
dollar, 0.021805494984736155
target, 0.021805494984736155
someone’s, 0.021805494984736155
back., 0.021805494984736155
operate.”, 0.021805494984736155
luck, 0.021805494984736155
alice, 0.021805494984736155
johnson., 0.021805494984736155
ironic, 0.021805494984736155
ready, 0.021805494984736155
(we, 0.021805494984736155
made),, 0.021805494984736155
problem...but, 0.021805494984736155
still, 0.021805494984736155
pushing, 0.021805494984736155
everyone, 0.021805494984736155
fema, 0.021805494984736155
hq, 0.021805494984736155
today’s, 0.021805494984736155
briefing, 0.021805494984736155
preparations, 0.021805494984736155
upcoming, 0.021805494984736155
hurricane, 0.021805494984736155
season., 0.021805494984736155
response, 0.021805494984736155
recovery, 0.04361098996947231
achieved, 0.021805494984736155
federally, 0.021805494984736155
supported,, 0.021805494984736155
managed,, 0.021805494984736155
locally, 0.021805494984736155
executed, 0.021805494984736155
successful, 0.021805494984736155
model, 0.021805494984736155
build., 0.021805494984736155
us., 0.021805494984736155
honor, 0.021805494984736155
sign, 0.021805494984736155
vamissionact, 0.021805494984736155
veterans, 0.021805494984736155
choice, 0.021805494984736155
permanent, 0.021805494984736155
land, 0.021805494984736155
today, 0.08722197993894462
milestone:, 0.021805494984736155
74th, 0.021805494984736155
anniversary, 0.021805494984736155
dday,, 0.021805494984736155
allied, 0.021805494984736155
invasion, 0.021805494984736155
normandy., 0.021805494984736155
6,, 0.021805494984736155
1944,, 0.021805494984736155
70,000, 0.021805494984736155
brave, 0.021805494984736155
young, 0.021805494984736155
americans, 0.021805494984736155
charged, 0.021805494984736155
landing, 0.021805494984736155
craft,, 0.021805494984736155
jumped, 0.021805494984736155
airplanes,, 0.021805494984736155
stormed, 0.021805494984736155
hell..., 0.021805494984736155
dana, 0.04361098996947231
rohrabacher, 0.021805494984736155
california, 0.04361098996947231
proud, 0.021805494984736155
voters, 0.021805494984736155
showed, 0.021805494984736155
yesterday, 0.021805494984736155
possible., 0.04361098996947231
refuse, 0.021805494984736155
facts, 0.021805494984736155
remember,, 0.021805494984736155
tax,, 0.06541648495420846
easy, 0.021805494984736155
...four, 0.021805494984736155
reporters, 0.021805494984736155
spotted, 0.021805494984736155
melania, 0.021805494984736155
house, 0.04361098996947231
week, 0.021805494984736155
walking, 0.021805494984736155
merrily, 0.021805494984736155
meeting., 0.021805494984736155
reported, 0.04361098996947231
sighting, 0.021805494984736155
because, 0.08722197993894462
sick, 0.021805494984736155
narrative, 0.021805494984736155
living, 0.021805494984736155
different, 0.021805494984736155
part, 0.021805494984736155
world,, 0.021805494984736155
ill,, 0.021805494984736155
whatever., 0.021805494984736155
unfair,, 0.021805494984736155
vicious,, 0.021805494984736155
wife, 0.021805494984736155
lady,, 0.021805494984736155
melania., 0.021805494984736155
surgery, 0.021805494984736155
near, 0.021805494984736155
death,, 0.021805494984736155
facelift,, 0.021805494984736155
w.h., 0.021805494984736155
me), 0.021805494984736155
n.y., 0.021805494984736155
virginia,, 0.021805494984736155
abuse., 0.021805494984736155
fake,, 0.021805494984736155
gold, 0.021805494984736155
star, 0.021805494984736155
father,, 0.021805494984736155
ceejay, 0.021805494984736155
metcalf,, 0.021805494984736155
whose, 0.021805494984736155
son, 0.021805494984736155
michael, 0.021805494984736155
house,, 0.04361098996947231
foxandfriends., 0.021805494984736155
man, 0.021805494984736155
republicans, 0.021805494984736155
john, 0.04361098996947231
cox, 0.04361098996947231
number, 0.06541648495420846
california., 0.021805494984736155
cnn, 0.021805494984736155
impact, 0.021805494984736155
bigger, 0.021805494984736155
blue, 0.021805494984736155
wave,, 0.021805494984736155
red, 0.021805494984736155
wave., 0.021805494984736155
mitch, 0.021805494984736155
mcconnell, 0.021805494984736155
announced, 0.04361098996947231
cancel, 0.021805494984736155
senate’s, 0.021805494984736155
august, 0.021805494984736155
recess., 0.021805494984736155
great,, 0.04361098996947231
finally, 0.04361098996947231
acceptance, 0.021805494984736155
....the, 0.021805494984736155
...this, 0.021805494984736155
criminality, 0.021805494984736155
beyond, 0.021805494984736155
pale., 0.021805494984736155
grave, 0.04361098996947231
power, 0.021805494984736155
authority,, 0.021805494984736155
we’ve, 0.04361098996947231
seen, 0.021805494984736155
history., 0.021805494984736155
nixon, 0.021805494984736155
watergate, 0.021805494984736155
burglary, 0.021805494984736155
keystone, 0.021805494984736155
cop, 0.021805494984736155
stuff, 0.04361098996947231
chris, 0.04361098996947231
farrell,, 0.021805494984736155
judicial, 0.04361098996947231
watch., 0.021805494984736155
“they, 0.021805494984736155
operation, 0.06541648495420846
undermine, 0.021805494984736155
violations, 0.021805494984736155
law., 0.021805494984736155
intelligence, 0.04361098996947231
tradecraft, 0.021805494984736155
steer, 0.021805494984736155
there’s, 0.021805494984736155
comes, 0.021805494984736155
system..., 0.021805494984736155
interview, 0.021805494984736155
loudobbs, 0.021805494984736155
farrell, 0.021805494984736155
concerning, 0.021805494984736155
governments, 0.021805494984736155
counter-intelligence, 0.04361098996947231
campaign., 0.021805494984736155
spygate, 0.04361098996947231
level., 0.021805494984736155
strzok-page,, 0.021805494984736155
incompetent, 0.021805494984736155
corrupt, 0.021805494984736155
lovers,, 0.021805494984736155
texts, 0.021805494984736155
referring, 0.021805494984736155
dating, 0.021805494984736155
december,, 0.021805494984736155
2015., 0.021805494984736155
force, 0.021805494984736155
mainstream, 0.021805494984736155
interested, 0.021805494984736155
yet, 0.021805494984736155
imagine, 0.021805494984736155
wasteful, 0.04361098996947231
spending, 0.04361098996947231
we’d, 0.021805494984736155
chuck, 0.021805494984736155
nancy, 0.04361098996947231
standing, 0.021805494984736155
years,, 0.021805494984736155
depleted, 0.021805494984736155
busted, 0.021805494984736155
budgets, 0.021805494984736155
needless, 0.021805494984736155
spending,, 0.021805494984736155
more., 0.021805494984736155
rescissions, 0.021805494984736155
package, 0.021805494984736155
proposed, 0.021805494984736155
$15,000,000,000, 0.021805494984736155
government, 0.021805494984736155
track., 0.021805494984736155
terrific, 0.021805494984736155
book, 0.021805494984736155
harris, 0.04361098996947231
faulkner,, 0.021805494984736155
“9, 0.021805494984736155
rules, 0.021805494984736155
engagement.”, 0.021805494984736155
shares, 0.021805494984736155
lessons, 0.021805494984736155
family., 0.021805494984736155
enjoy, 0.021805494984736155
enator, 0.021805494984736155
rogerwicker, 0.021805494984736155
mississippi, 0.021805494984736155
necessary, 0.021805494984736155
roger,, 0.021805494984736155
support, 0.04361098996947231
congressman, 0.021805494984736155
devin, 0.021805494984736155
nunes,, 0.021805494984736155
patriot, 0.021805494984736155
likes, 0.021805494984736155
modern, 0.021805494984736155
world....he, 0.021805494984736155
deserves, 0.021805494984736155
everyone’s, 0.021805494984736155
rep., 0.021805494984736155
mccarthy, 0.021805494984736155
candidates, 0.021805494984736155
congress., 0.021805494984736155
keep, 0.04361098996947231
hands, 0.021805494984736155
pelosi., 0.021805494984736155
california,, 0.021805494984736155
sure, 0.021805494984736155
difference, 0.021805494984736155
separating, 0.021805494984736155
fault, 0.021805494984736155
legislation, 0.021805494984736155
passed, 0.021805494984736155
democrats., 0.021805494984736155
laws, 0.021805494984736155
changed, 0.04361098996947231
can’t, 0.021805494984736155
act, 0.021805494984736155
started, 0.021805494984736155
wall., 0.021805494984736155
...., 0.021805494984736155
nascar, 0.021805494984736155
champion, 0.021805494984736155
martintruex_jr, 0.021805494984736155
recently, 0.04361098996947231
sport, 0.021805494984736155
hopefully, 0.021805494984736155
big...we, 0.021805494984736155
continues,, 0.021805494984736155
sessions, 0.04361098996947231
recuse, 0.021805494984736155
himself...i, 0.021805494984736155
quickly, 0.021805494984736155
picked, 0.021805494984736155
someone, 0.021805494984736155
else., 0.021805494984736155
wasted,, 0.021805494984736155
lives, 0.021805494984736155
ruined...and, 0.021805494984736155
knew, 0.021805494984736155
championship, 0.021805494984736155
teams, 0.021805494984736155
chicago, 0.021805494984736155
cubs,, 0.021805494984736155
houston, 0.021805494984736155
astros,, 0.021805494984736155
pittsburgh, 0.021805494984736155
penguins,, 0.021805494984736155
england, 0.021805494984736155
patriots,, 0.021805494984736155
alabama, 0.021805494984736155
clemson, 0.021805494984736155
national, 0.08722197993894462
champions,, 0.021805494984736155
others., 0.021805494984736155
anthem, 0.06541648495420846
music, 0.04361098996947231
3:00, 0.021805494984736155
p.m., 0.021805494984736155
playing, 0.04361098996947231
celebrating, 0.021805494984736155
3, 0.021805494984736155
p.m.,, 0.021805494984736155
marine, 0.021805494984736155
band, 0.021805494984736155
army, 0.021805494984736155
chorus., 0.021805494984736155
honoring, 0.021805494984736155
nfl,, 0.021805494984736155
escaping, 0.021805494984736155
locker, 0.04361098996947231
rooms, 0.021805494984736155
economic, 0.04361098996947231
nice, 0.021805494984736155
inspector, 0.021805494984736155
general’s, 0.021805494984736155
slippery, 0.021805494984736155
comey., 0.021805494984736155
numerous, 0.04361098996947231
delays., 0.021805494984736155
hope, 0.021805494984736155
weaker, 0.021805494984736155
tell,, 0.021805494984736155
know., 0.021805494984736155
transparency, 0.021805494984736155
philadelphia, 0.021805494984736155
eagles, 0.021805494984736155
football, 0.021805494984736155
invited, 0.021805494984736155
unfortunately,, 0.021805494984736155
small, 0.021805494984736155
players, 0.021805494984736155
decided, 0.021805494984736155
come,, 0.021805494984736155
canceled, 0.021805494984736155
event., 0.021805494984736155
staying, 0.021805494984736155
room, 0.021805494984736155
disrespectful, 0.021805494984736155
kneeling., 0.021805494984736155
sorry, 0.021805494984736155
ruling, 0.021805494984736155
baker, 0.021805494984736155
ways, 0.021805494984736155
desperate, 0.021805494984736155
distract, 0.021805494984736155
hunt., 0.021805494984736155
appointment, 0.04361098996947231
counsel, 0.04361098996947231
unconstitutional, 0.04361098996947231
despite, 0.04361098996947231
game, 0.04361098996947231
15, 0.021805494984736155
mexico,, 0.021805494984736155
china, 0.04361098996947231
treated, 0.021805494984736155
unfairly., 0.021805494984736155
finish, 0.021805494984736155
talks,, 0.021805494984736155
change., 0.021805494984736155
businesses,, 0.021805494984736155
broken., 0.021805494984736155
deficits, 0.021805494984736155
already, 0.021805494984736155
16%, 0.021805494984736155
soybeans., 0.021805494984736155
agricultural, 0.021805494984736155
products., 0.021805494984736155
acceptable, 0.021805494984736155
stated, 0.021805494984736155
legal, 0.021805494984736155
scholars,, 0.021805494984736155
absolute, 0.021805494984736155
pardon, 0.021805494984736155
myself,, 0.021805494984736155
meantime,, 0.021805494984736155
ending, 0.021805494984736155
led, 0.021805494984736155
conflicted, 0.021805494984736155
(&, 0.021805494984736155
others), 0.021805494984736155
continues, 0.021805494984736155
mid-terms, 0.021805494984736155
....we, 0.021805494984736155
repeal, 0.021805494984736155
replace, 0.021805494984736155
saving, 0.021805494984736155
one, 0.06541648495420846
dollars), 0.021805494984736155
except, 0.021805494984736155
person,, 0.021805494984736155
anyway., 0.021805494984736155
individual, 0.021805494984736155
mandate, 0.021805494984736155
gone, 0.021805494984736155
less, 0.021805494984736155
expensive, 0.021805494984736155
plans, 0.021805494984736155
month., 0.021805494984736155
drug, 0.021805494984736155
try, 0.021805494984736155
500th., 0.021805494984736155
accomplished, 0.021805494984736155
lot, 0.021805494984736155
days., 0.021805494984736155
regulation, 0.021805494984736155
vets,, 0.021805494984736155
illegal, 0.021805494984736155
immigration,, 0.021805494984736155
stronger, 0.021805494984736155
judgeships,, 0.021805494984736155
ever,, 0.021805494984736155
more..., 0.021805494984736155
penn, 0.021805494984736155
mueller, 0.021805494984736155
staff, 0.021805494984736155
independent, 0.021805494984736155
unrelated, 0.021805494984736155
offenses...constitution, 0.021805494984736155
prevent, 0.021805494984736155
this...stormtrooper, 0.021805494984736155
tactics, 0.021805494984736155
almost.”, 0.021805494984736155
disgrace, 0.021805494984736155
....paul, 0.021805494984736155
came, 0.021805494984736155
late, 0.021805494984736155
short, 0.021805494984736155
period, 0.021805494984736155
(he, 0.021805494984736155
years),, 0.021805494984736155
told, 0.06541648495420846
boys, 0.021805494984736155
him,, 0.021805494984736155
wouldn’t, 0.04361098996947231
hired, 0.021805494984736155
two, 0.021805494984736155
become, 0.021805494984736155
“justice”, 0.021805494984736155
secretly, 0.021805494984736155
investigating, 0.021805494984736155
(on, 0.021805494984736155
10, 0.021805494984736155
old, 0.021805494984736155
previously, 0.021805494984736155
dropped), 0.021805494984736155
